{
  "degree_centrality": {
      "ajengtrijy": 0.08710461002270688,
      "ciletuhgeofest_": 0.047077150551829754,
      "desmedia_": 0.054760521729946665,
      "dihadimu": 0.028594814384538206,
      "ducelawa": 0.05956592913344247,
      "isrynirhmh14": 0.06487299994719332,
      "kucariada.official": 0.0693087606273433,
      "lestari_hanaa": 0.05407403495801869,
      "masakmudahcepat": 0.04311664994455299,
      "mycard.online": 0.06540106669483023,
      "nitha.aryanti12": 0.04221893647357026,
      "pupehh": 0.03400749854781644,
      "rinirinddiani": 0.0620478428473359,
      "rkraindy": 0.03934097269894915,
      "sugihartalanny": 0.054179648307546076,
      "syifanurmaulida_": 0.058456988963404975,
      "tanakitaofficial": 0.042377356497861327,
      "tiaraannisasejati": 0.03200084490679622,
      "wegagunawan": 0.04932143422928658,
      "wisatakulinersukabumi": 0.04390875006600834
  },
  "betweenness_centrality": {
      "ajengtrijy": 0.16280314312993818,
      "ciletuhgeofest_": 0.09735923282188867,
      "desmedia_": 0.13126644073139893,
      "dihadimu": 0.05700678064387608,
      "ducelawa": 0.1077672235658723,
      "isrynirhmh14": 0.12269723199932707,
      "kucariada.official": 0.13378813835531103,
      "lestari_hanaa": 0.10564818529330135,
      "masakmudahcepat": 0.08377677690220137,
      "mycard.online": 0.13457199081375376,
      "nitha.aryanti12": 0.07965342064866322,
      "pupehh": 0.06562753316841907,
      "rinirinddiani": 0.12699674955114598,
      "rkraindy": 0.07407584945734454,
      "sugihartalanny": 0.1052659749680372,
      "syifanurmaulida_": 0.11257855938199857,
      "tanakitaofficial": 0.08211109021535908,
      "tiaraannisasejati": 0.05920423769079076,
      "wegagunawan": 0.14829512310770868,
      "wisatakulinersukabumi": 0.09495165804063115
  },
  "closeness_centrality": {
      "ajengtrijy": 0.3539460772861081,
      "ciletuhgeofest_": 0.3565618527584259,
      "desmedia_": 0.3712336554860716,
      "dihadimu": 0.35213939044572956,
      "ducelawa": 0.35205428518311954,
      "isrynirhmh14": 0.31107752708396647,
      "kucariada.official": 0.33429542345204993,
      "lestari_hanaa": 0.34803304448508127,
      "masakmudahcepat": 0.3466283496851662,
      "mycard.online": 0.3541347196768523,
      "nitha.aryanti12": 0.3535925013070431,
      "pupehh": 0.3303301207971741,
      "rinirinddiani": 0.3535495915985998,
      "rkraindy": 0.3472767284063818,
      "sugihartalanny": 0.3062579346147315,
      "syifanurmaulida_": 0.34691092283031827,
      "tanakitaofficial": 0.3169611100417605,
      "tiaraannisasejati": 0.333377344705872,
      "wegagunawan": 0.3915596633790294,
      "wisatakulinersukabumi": 0.3625138787855584
  },
  "eigenvector_centrality": {
      "ajengtrijy": 0.13178278368607171,
      "ciletuhgeofest_": 0.0024852077565619907,
      "desmedia_": 0.00902204343846367,
      "dihadimu": 0.0036594382701806115,
      "ducelawa": 0.008713021366495816,
      "isrynirhmh14": 0.0021397887412689383,
      "kucariada.official": 0.00028914852071970805,
      "lestari_hanaa": 0.0025424228168178273,
      "masakmudahcepat": 0.0011493230344920434,
      "mycard.online": 0.003695926964372556,
      "nitha.aryanti12": 0.005111980129891126,
      "pupehh": 0.001545647268980346,
      "rinirinddiani": 0.0014755050712014464,
      "rkraindy": 0.0025714725526811313,
      "sugihartalanny": 0.00013795955627176975,
      "syifanurmaulida_": 0.004187286004457412,
      "tanakitaofficial": 0.0002592550225921873,
      "tiaraannisasejati": 0.00459849546642949,
      "wegagunawan": 0.009060989136857845,
      "wisatakulinersukabumi": 0.003016390941616552
  }
}